,week,Date,SST
0,1,1989-12-31,26.866176470588236
1,2,1990-01-07,26.504941176470588
2,3,1990-01-14,26.27614705882353
3,4,1990-01-21,26.467588235294116
4,5,1990-01-28,26.686
5,6,1990-02-04,26.632264705882353
6,7,1990-02-11,26.92944117647059
7,8,1990-02-18,27.136852941176468
8,9,1990-02-25,27.43014705882353
9,10,1990-03-04,27.55785294117647
10,11,1990-03-11,27.845088235294117
11,12,1990-03-18,28.490411764705883
12,13,1990-03-25,28.40161764705882
13,14,1990-04-01,28.551705882352934
14,15,1990-04-08,28.807764705882352
15,16,1990-04-15,28.89905882352941
16,17,1990-04-22,29.212205882352947
17,18,1990-04-29,29.58988235294118
18,19,1990-05-06,29.98435294117647
19,20,1990-05-13,29.79032352941176
20,21,1990-05-20,29.725411764705882
21,22,1990-05-27,29.746529411764705
22,23,1990-06-03,29.64188235294118
23,24,1990-06-10,29.43217647058823
24,25,1990-06-17,29.37117647058824
25,26,1990-06-24,29.176647058823534
26,27,1990-07-01,28.959058823529407
27,28,1990-07-08,28.63679411764706
28,29,1990-07-15,28.727970588235294
29,30,1990-07-22,28.761558823529413
30,31,1990-07-29,28.475441176470586
31,32,1990-08-05,28.632411764705882
32,33,1990-08-12,28.592323529411765
33,34,1990-08-19,28.257323529411764
34,35,1990-08-26,28.576323529411763
35,36,1990-09-02,28.65020588235294
36,37,1990-09-09,28.78985294117647
37,38,1990-09-16,28.890235294117648
38,39,1990-09-23,28.970352941176465
39,40,1990-09-30,28.876617647058822
40,41,1990-10-07,28.8875
41,42,1990-10-14,29.024117647058826
42,43,1990-10-21,28.910147058823533
43,44,1990-10-28,28.611764705882354
44,45,1990-11-04,27.97914705882353
45,46,1990-11-11,28.434029411764705
46,47,1990-11-18,28.437823529411766
47,48,1990-11-25,28.109882352941174
48,49,1990-12-02,27.671764705882357
49,50,1990-12-09,27.493382352941175
50,51,1990-12-16,27.03708823529412
51,52,1990-12-23,26.89629411764706
52,53,1990-12-30,26.951235294117648
53,54,1991-01-06,26.550176470588234
54,55,1991-01-13,26.590970588235294
55,56,1991-01-20,26.581882352941175
56,57,1991-01-27,26.608470588235296
57,58,1991-02-03,27.00314705882353
58,59,1991-02-10,26.98941176470588
59,60,1991-02-17,27.086647058823534
60,61,1991-02-24,27.37438235294118
61,62,1991-03-03,27.796382352941173
62,63,1991-03-10,28.061999999999994
63,64,1991-03-17,28.357441176470584
64,65,1991-03-24,28.97658823529412
65,66,1991-03-31,28.935764705882352
66,67,1991-04-07,29.274882352941173
67,68,1991-04-14,29.587470588235288
68,69,1991-04-21,29.919117647058822
69,70,1991-04-28,28.958323529411764
70,71,1991-05-05,29.30955882352941
71,72,1991-05-12,29.91182352941176
72,73,1991-05-19,30.12158823529412
73,74,1991-05-26,30.456176470588236
74,75,1991-06-02,29.839029411764702
75,76,1991-06-09,29.88494117647059
76,77,1991-06-16,29.329794117647058
77,78,1991-06-23,29.42382352941176
78,79,1991-06-30,29.484794117647063
79,80,1991-07-07,29.320382352941177
80,81,1991-07-14,29.02770588235294
81,82,1991-07-21,29.21788235294117
82,83,1991-07-28,28.857823529411764
83,84,1991-08-04,29.341470588235296
84,85,1991-08-11,29.07326470588235
85,86,1991-08-18,28.844764705882355
86,87,1991-08-25,28.792558823529415
87,88,1991-09-01,29.13744117647059
88,89,1991-09-08,29.494529411764706
89,90,1991-09-15,29.161058823529412
90,91,1991-09-22,28.867029411764705
91,92,1991-09-29,29.249264705882354
92,93,1991-10-06,29.244970588235297
93,94,1991-10-13,28.818176470588234
94,95,1991-10-20,29.028088235294117
95,96,1991-10-27,28.79376470588235
96,97,1991-11-03,28.623264705882352
97,98,1991-11-10,28.350705882352948
98,99,1991-11-17,27.83885294117647
99,100,1991-11-24,27.133764705882353
100,101,1991-12-01,26.960029411764705
101,102,1991-12-08,26.741588235294117
102,103,1991-12-15,26.740205882352946
103,104,1991-12-22,26.55591176470589
104,105,1991-12-29,26.688176470588235
105,106,1992-01-05,26.19358823529412
106,107,1992-01-12,26.191294117647058
107,108,1992-01-19,26.34270588235294
108,109,1992-01-26,26.260970588235292
109,110,1992-02-02,26.26461764705882
110,111,1992-02-09,26.57158823529412
111,112,1992-02-16,26.684323529411763
112,113,1992-02-23,26.773
113,114,1992-03-01,27.103970588235295
114,115,1992-03-08,27.452205882352942
115,116,1992-03-15,27.975999999999996
116,117,1992-03-22,28.085588235294114
117,118,1992-03-29,28.035823529411765
118,119,1992-04-05,28.578882352941175
119,120,1992-04-12,28.84252941176471
120,121,1992-04-19,29.031117647058824
121,122,1992-04-26,29.57514705882353
122,123,1992-05-03,29.80597058823529
123,124,1992-05-10,29.89405882352941
124,125,1992-05-17,29.482764705882353
125,126,1992-05-24,29.533000000000005
126,127,1992-05-31,29.644911764705885
127,128,1992-06-07,30.13255882352941
128,129,1992-06-14,29.75273529411765
129,130,1992-06-21,29.539411764705886
130,131,1992-06-28,29.325764705882353
131,132,1992-07-05,29.280676470588237
132,133,1992-07-12,29.060558823529412
133,134,1992-07-19,28.81373529411765
134,135,1992-07-26,28.626117647058827
135,136,1992-08-02,28.46373529411764
136,137,1992-08-09,28.24108823529412
137,138,1992-08-16,28.711941176470592
138,139,1992-08-23,28.815176470588234
139,140,1992-08-30,28.591705882352937
140,141,1992-09-06,28.63455882352941
141,142,1992-09-13,28.612647058823534
142,143,1992-09-20,28.886529411764702
143,144,1992-09-27,29.172852941176465
144,145,1992-10-04,29.24935294117647
145,146,1992-10-11,29.10897058823529
146,147,1992-10-18,28.422588235294118
147,148,1992-10-25,28.342823529411763
148,149,1992-11-01,28.179647058823534
149,150,1992-11-08,27.961441176470586
150,151,1992-11-15,27.823529411764707
151,152,1992-11-22,27.624235294117653
152,153,1992-11-29,27.14564705882353
153,154,1992-12-06,26.94958823529412
154,155,1992-12-13,26.640294117647063
155,156,1992-12-20,26.695500000000003
156,157,1992-12-27,26.465264705882355
157,158,1993-01-03,26.086852941176467
158,159,1993-01-10,26.3249705882353
159,160,1993-01-17,26.45635294117647
160,161,1993-01-24,26.22670588235294
161,162,1993-01-31,25.97341176470588
162,163,1993-02-07,26.25608823529412
163,164,1993-02-14,26.346176470588237
164,165,1993-02-21,26.256382352941177
165,166,1993-02-28,26.641000000000002
166,167,1993-03-07,27.148911764705886
167,168,1993-03-14,27.525147058823528
168,169,1993-03-21,27.851058823529414
169,170,1993-03-28,28.382470588235297
170,171,1993-04-04,28.77385294117647
171,172,1993-04-11,28.415176470588236
172,173,1993-04-18,29.197941176470586
173,174,1993-04-25,29.46588235294118
174,175,1993-05-02,29.4605294117647
175,176,1993-05-09,30.31632352941176
176,177,1993-05-16,30.001058823529412
177,178,1993-05-23,30.034941176470593
178,179,1993-05-30,29.927705882352942
179,180,1993-06-06,30.03923529411765
180,181,1993-06-13,29.517588235294117
181,182,1993-06-20,29.167588235294115
182,183,1993-06-27,29.25497058823529
183,184,1993-07-04,29.25485294117647
184,185,1993-07-11,28.88435294117647
185,186,1993-07-18,28.93326470588235
186,187,1993-07-25,28.836588235294112
187,188,1993-08-01,28.731264705882356
188,189,1993-08-08,28.702558823529408
189,190,1993-08-15,28.411617647058826
190,191,1993-08-22,28.495411764705885
191,192,1993-08-29,28.80514705882353
192,193,1993-09-05,28.79876470588235
193,194,1993-09-12,28.693735294117644
194,195,1993-09-19,28.67861764705882
195,196,1993-09-26,28.96747058823529
196,197,1993-10-03,29.07441176470588
197,198,1993-10-10,28.78626470588235
198,199,1993-10-17,28.896794117647058
199,200,1993-10-24,28.895205882352943
200,201,1993-10-31,28.659941176470586
201,202,1993-11-07,28.274294117647052
202,203,1993-11-14,28.13558823529412
203,204,1993-11-21,28.090558823529413
204,205,1993-11-28,27.67776470588235
205,206,1993-12-05,28.01332352941176
206,207,1993-12-12,27.111970588235295
207,208,1993-12-19,27.00382352941176
208,209,1993-12-26,26.47067647058823
209,210,1994-01-02,26.71008823529412
210,211,1994-01-09,26.77055882352941
211,212,1994-01-16,26.684794117647066
212,213,1994-01-23,26.463470588235293
213,214,1994-01-30,26.57520588235294
214,215,1994-02-06,26.97426470588236
215,216,1994-02-13,26.85532352941177
216,217,1994-02-20,26.936029411764707
217,218,1994-02-27,27.200764705882353
218,219,1994-03-06,27.158058823529416
219,220,1994-03-13,27.465500000000002
220,221,1994-03-20,27.73355882352941
221,222,1994-03-27,27.919911764705883
222,223,1994-04-03,28.557705882352938
223,224,1994-04-10,28.977058823529415
224,225,1994-04-17,29.222470588235293
225,226,1994-04-24,29.354882352941175
226,227,1994-05-01,29.302852941176468
227,228,1994-05-08,29.373823529411766
228,229,1994-05-15,29.400970588235293
229,230,1994-05-22,29.781676470588238
230,231,1994-05-29,29.588147058823534
231,232,1994-06-05,29.215941176470583
232,233,1994-06-12,29.29664705882353
233,234,1994-06-19,28.998147058823527
234,235,1994-06-26,28.883176470588236
235,236,1994-07-03,28.807882352941178
236,237,1994-07-10,28.7864705882353
237,238,1994-07-17,28.394411764705882
238,239,1994-07-24,28.182058823529417
239,240,1994-07-31,28.431588235294118
240,241,1994-08-07,28.43164705882353
241,242,1994-08-14,28.462823529411768
242,243,1994-08-21,28.317352941176473
243,244,1994-08-28,28.336470588235297
244,245,1994-09-04,27.970676470588238
245,246,1994-09-11,28.019764705882356
246,247,1994-09-18,28.501088235294116
247,248,1994-09-25,29.061676470588232
248,249,1994-10-02,29.138970588235296
249,250,1994-10-09,29.070764705882358
250,251,1994-10-16,28.883558823529413
251,252,1994-10-23,28.735941176470593
252,253,1994-10-30,28.568323529411764
253,254,1994-11-06,28.02864705882353
254,255,1994-11-13,27.975058823529412
255,256,1994-11-20,27.935882352941178
256,257,1994-11-27,27.54841176470588
257,258,1994-12-04,27.16279411764706
258,259,1994-12-11,27.007617647058822
259,260,1994-12-18,26.734441176470586
260,261,1994-12-25,26.51905882352941
261,262,1995-01-01,26.243352941176475
262,263,1995-01-08,26.186382352941173
263,264,1995-01-15,26.234970588235292
264,265,1995-01-22,26.381029411764704
265,266,1995-01-29,26.530735294117648
266,267,1995-02-05,26.25020588235294
267,268,1995-02-12,26.654911764705883
268,269,1995-02-19,27.103764705882355
269,270,1995-02-26,27.11635294117647
270,271,1995-03-05,27.41282352941176
271,272,1995-03-12,27.75635294117647
272,273,1995-03-19,28.17444117647059
273,274,1995-03-26,28.55358823529412
274,275,1995-04-02,28.837411764705887
275,276,1995-04-09,29.41261764705882
276,277,1995-04-16,29.53314705882353
277,278,1995-04-23,29.83802941176471
278,279,1995-04-30,29.87264705882353
279,280,1995-05-07,29.561941176470594
280,281,1995-05-14,29.031205882352943
281,282,1995-05-21,29.184176470588234
282,283,1995-05-28,29.275970588235293
283,284,1995-06-04,29.20670588235294
284,285,1995-06-11,29.520235294117644
285,286,1995-06-18,29.38132352941177
286,287,1995-06-25,29.15179411764706
287,288,1995-07-02,29.2255
288,289,1995-07-09,29.112764705882352
289,290,1995-07-16,28.96326470588235
290,291,1995-07-23,28.744529411764706
291,292,1995-07-30,28.655676470588237
292,293,1995-08-06,28.63711764705882
293,294,1995-08-13,28.523617647058824
294,295,1995-08-20,28.672794117647058
295,296,1995-08-27,28.809382352941174
296,297,1995-09-03,28.70697058823529
297,298,1995-09-10,28.964794117647056
298,299,1995-09-17,28.61061764705882
299,300,1995-09-24,28.669764705882358
300,301,1995-10-01,28.91070588235294
301,302,1995-10-08,28.870382352941178
302,303,1995-10-15,28.92226470588236
303,304,1995-10-22,28.837441176470588
304,305,1995-10-29,28.924382352941173
305,306,1995-11-05,28.623882352941173
306,307,1995-11-12,28.48394117647059
307,308,1995-11-19,28.010941176470585
308,309,1995-11-26,27.725470588235293
309,310,1995-12-03,27.384794117647065
310,311,1995-12-10,27.01388235294118
311,312,1995-12-17,26.83073529411765
312,313,1995-12-24,26.55614705882353
313,314,1995-12-31,26.11108823529412
314,315,1996-01-07,26.251882352941173
315,316,1996-01-14,26.2975
316,317,1996-01-21,26.219617647058822
317,318,1996-01-28,26.1344705882353
318,319,1996-02-04,26.061117647058825
319,320,1996-02-11,25.86764705882353
320,321,1996-02-18,26.385794117647066
321,322,1996-02-25,26.77979411764706
322,323,1996-03-03,26.94544117647059
323,324,1996-03-10,27.74405882352941
324,325,1996-03-17,28.135441176470586
325,326,1996-03-24,28.49961764705882
326,327,1996-03-31,28.66705882352941
327,328,1996-04-07,29.271647058823532
328,329,1996-04-14,29.539411764705882
329,330,1996-04-21,29.508617647058824
330,331,1996-04-28,29.589147058823528
331,332,1996-05-05,29.21661764705883
332,333,1996-05-12,29.38870588235294
333,334,1996-05-19,29.64208823529412
334,335,1996-05-26,29.611352941176474
335,336,1996-06-02,29.676470588235293
336,337,1996-06-09,29.705323529411764
337,338,1996-06-16,29.32679411764706
338,339,1996-06-23,29.187
339,340,1996-06-30,29.016970588235296
340,341,1996-07-07,29.095705882352945
341,342,1996-07-14,28.92541176470588
342,343,1996-07-21,28.961205882352946
343,344,1996-07-28,28.651294117647055
344,345,1996-08-04,28.505205882352943
345,346,1996-08-11,28.56885294117647
346,347,1996-08-18,28.57797058823529
347,348,1996-08-25,28.527647058823522
348,349,1996-09-01,28.453676470588235
349,350,1996-09-08,28.717147058823535
350,351,1996-09-15,28.476470588235294
351,352,1996-09-22,28.575264705882354
352,353,1996-09-29,28.524588235294118
353,354,1996-10-06,28.612235294117646
354,355,1996-10-13,28.913470588235295
355,356,1996-10-20,28.8485294117647
356,357,1996-10-27,28.523617647058824
357,358,1996-11-03,28.084558823529413
358,359,1996-11-10,28.14602941176471
359,360,1996-11-17,27.90814705882353
360,361,1996-11-24,27.43691176470588
361,362,1996-12-01,27.38520588235294
362,363,1996-12-08,26.548911764705885
363,364,1996-12-15,27.062411764705885
364,365,1996-12-22,27.181823529411766
365,366,1996-12-29,25.91755882352941
366,367,1997-01-05,25.986735294117647
367,368,1997-01-12,26.165411764705883
368,369,1997-01-19,26.474029411764707
369,370,1997-01-26,26.44938235294118
370,371,1997-02-02,26.211970588235292
371,372,1997-02-09,26.03491176470588
372,373,1997-02-16,26.09905882352941
373,374,1997-02-23,26.386352941176472
374,375,1997-03-02,27.06632352941176
375,376,1997-03-09,27.888441176470586
376,377,1997-03-16,27.877176470588235
377,378,1997-03-23,28.210000000000004
378,379,1997-03-30,28.46132352941176
379,380,1997-04-06,28.540647058823527
380,381,1997-04-13,28.983735294117643
381,382,1997-04-20,29.219205882352938
382,383,1997-04-27,29.371705882352945
383,384,1997-05-04,29.783264705882353
384,385,1997-05-11,29.843823529411765
385,386,1997-05-18,28.98214705882353
386,387,1997-05-25,29.046558823529416
387,388,1997-06-01,29.420529411764704
388,389,1997-06-08,29.454882352941176
389,390,1997-06-15,29.49467647058823
390,391,1997-06-22,29.449382352941175
391,392,1997-06-29,29.25952941176471
392,393,1997-07-06,28.98923529411765
393,394,1997-07-13,28.869588235294117
394,395,1997-07-20,28.845970588235296
395,396,1997-07-27,28.634794117647058
396,397,1997-08-03,28.333205882352942
397,398,1997-08-10,28.630264705882354
398,399,1997-08-17,28.586117647058824
399,400,1997-08-24,28.7375
400,401,1997-08-31,28.77870588235294
401,402,1997-09-07,29.098764705882353
402,403,1997-09-14,29.344941176470584
403,404,1997-09-21,29.275
404,405,1997-09-28,29.11444117647059
405,406,1997-10-05,29.14891176470588
406,407,1997-10-12,29.430088235294118
407,408,1997-10-19,29.521647058823525
408,409,1997-10-26,29.503882352941176
409,410,1997-11-02,28.83638235294118
410,411,1997-11-09,28.952647058823523
411,412,1997-11-16,28.54161764705882
412,413,1997-11-23,28.530441176470585
413,414,1997-11-30,28.271058823529412
414,415,1997-12-07,28.104970588235297
415,416,1997-12-14,27.479058823529414
416,417,1997-12-21,27.20758823529411
417,418,1997-12-28,26.79817647058823
418,419,1998-01-04,26.57964705882353
419,420,1998-01-11,26.694558823529412
420,421,1998-01-18,26.611823529411765
421,422,1998-01-25,26.808588235294113
422,423,1998-02-01,26.804617647058823
423,424,1998-02-08,26.8645
424,425,1998-02-15,27.16323529411765
425,426,1998-02-22,27.399882352941173
426,427,1998-03-01,27.597323529411764
427,428,1998-03-08,27.77679411764706
428,429,1998-03-15,28.255058823529414
429,430,1998-03-22,28.472264705882353
430,431,1998-03-29,28.778823529411763
431,432,1998-04-05,29.313382352941176
432,433,1998-04-12,29.419676470588232
433,434,1998-04-19,29.663176470588233
434,435,1998-04-26,29.992588235294118
435,436,1998-05-03,30.526558823529413
436,437,1998-05-10,30.60138235294118
437,438,1998-05-17,30.481705882352937
438,439,1998-05-24,30.444911764705882
439,440,1998-05-31,30.456794117647057
440,441,1998-06-07,30.393588235294118
441,442,1998-06-14,30.11170588235294
442,443,1998-06-21,30.00852941176471
443,444,1998-06-28,29.831970588235297
444,445,1998-07-05,29.531970588235293
445,446,1998-07-12,29.67335294117647
446,447,1998-07-19,29.62820588235294
447,448,1998-07-26,29.582941176470584
448,449,1998-08-02,29.485294117647054
449,450,1998-08-09,29.41241176470588
450,451,1998-08-16,29.376441176470582
451,452,1998-08-23,29.188852941176467
452,453,1998-08-30,29.238705882352942
453,454,1998-09-06,28.879264705882356
454,455,1998-09-13,29.134029411764704
455,456,1998-09-20,29.361235294117645
456,457,1998-09-27,29.612382352941175
457,458,1998-10-04,29.747999999999998
458,459,1998-10-11,29.39847058823529
459,460,1998-10-18,29.40182352941176
460,461,1998-10-25,29.488029411764707
461,462,1998-11-01,29.30620588235294
462,463,1998-11-08,28.95291176470589
463,464,1998-11-15,28.89255882352941
464,465,1998-11-22,28.572529411764705
465,466,1998-11-29,28.720500000000005
466,467,1998-12-06,27.94702941176471
467,468,1998-12-13,27.71702941176471
468,469,1998-12-20,27.510529411764704
469,470,1998-12-27,27.315147058823527
470,471,1999-01-03,26.832411764705885
471,472,1999-01-10,27.035529411764706
472,473,1999-01-17,26.904852941176465
473,474,1999-01-24,26.75852941176471
474,475,1999-01-31,26.958088235294117
475,476,1999-02-07,26.91258823529412
476,477,1999-02-14,26.95644117647059
477,478,1999-02-21,27.483735294117643
478,479,1999-02-28,27.765176470588234
479,480,1999-03-07,27.836794117647052
480,481,1999-03-14,28.169999999999998
481,482,1999-03-21,28.701058823529408
482,483,1999-03-28,28.84458823529412
483,484,1999-04-04,28.98808823529412
484,485,1999-04-11,29.46588235294118
485,486,1999-04-18,29.732499999999998
486,487,1999-04-25,29.420970588235296
487,488,1999-05-02,29.59105882352941
488,489,1999-05-09,29.50758823529412
489,490,1999-05-16,29.502441176470587
490,491,1999-05-23,29.156382352941176
491,492,1999-05-30,29.04979411764706
492,493,1999-06-06,29.122500000000006
493,494,1999-06-13,28.86267647058824
494,495,1999-06-20,28.696294117647057
495,496,1999-06-27,28.76373529411765
496,497,1999-07-04,28.803735294117647
497,498,1999-07-11,28.8165294117647
498,499,1999-07-18,28.67558823529412
499,500,1999-07-25,28.508441176470587
500,501,1999-08-01,28.449235294117646
501,502,1999-08-08,28.41167647058824
502,503,1999-08-15,28.541176470588237
503,504,1999-08-22,28.62564705882353
504,505,1999-08-29,28.497999999999998
505,506,1999-09-05,28.38432352941176
506,507,1999-09-12,28.431058823529415
507,508,1999-09-19,28.429000000000002
508,509,1999-09-26,28.976235294117647
509,510,1999-10-03,29.07135294117647
510,511,1999-10-10,28.810705882352938
511,512,1999-10-17,28.711676470588237
512,513,1999-10-24,28.852735294117647
513,514,1999-10-31,28.56341176470588
514,515,1999-11-07,28.36955882352941
515,516,1999-11-14,28.22344117647059
516,517,1999-11-21,27.877294117647054
517,518,1999-11-28,27.637794117647054
518,519,1999-12-05,27.406970588235296
519,520,1999-12-12,26.975735294117648
520,521,1999-12-19,26.685676470588238
521,522,1999-12-26,26.45523529411765
522,523,2000-01-02,26.094676470588237
523,524,2000-01-09,26.35614705882353
524,525,2000-01-16,26.414676470588233
525,526,2000-01-23,26.614147058823534
526,527,2000-01-30,26.575323529411765
527,528,2000-02-06,26.509705882352943
528,529,2000-02-13,26.613941176470583
529,530,2000-02-20,26.992323529411763
530,531,2000-02-27,27.22914705882353
531,532,2000-03-05,27.47047058823529
532,533,2000-03-12,27.614264705882356
533,534,2000-03-19,28.116911764705883
534,535,2000-03-26,28.157794117647057
535,536,2000-04-02,28.41708823529412
536,537,2000-04-09,28.764558823529413
537,538,2000-04-16,29.159558823529412
538,539,2000-04-23,29.398911764705886
539,540,2000-04-30,29.44232352941177
540,541,2000-05-07,29.770205882352943
541,542,2000-05-14,29.703441176470587
542,543,2000-05-21,29.536529411764707
543,544,2000-05-28,29.40555882352941
544,545,2000-06-04,29.15814705882353
545,546,2000-06-11,29.2295294117647
546,547,2000-06-18,29.127794117647056
547,548,2000-06-25,29.180588235294117
548,549,2000-07-02,29.138735294117648
549,550,2000-07-09,28.781705882352938
550,551,2000-07-16,28.801088235294113
551,552,2000-07-23,28.75794117647059
552,553,2000-07-30,29.106676470588237
553,554,2000-08-06,28.863
554,555,2000-08-13,28.88217647058823
555,556,2000-08-20,28.72785294117647
556,557,2000-08-27,28.598264705882354
557,558,2000-09-03,28.58297058823529
558,559,2000-09-10,28.68679411764706
559,560,2000-09-17,28.882
560,561,2000-09-24,29.117735294117644
561,562,2000-10-01,29.108852941176472
562,563,2000-10-08,29.169323529411763
563,564,2000-10-15,28.987323529411768
564,565,2000-10-22,28.813264705882354
565,566,2000-10-29,28.76711764705882
566,567,2000-11-05,28.735323529411765
567,568,2000-11-12,28.32664705882353
568,569,2000-11-19,27.988852941176468
569,570,2000-11-26,27.741588235294117
570,571,2000-12-03,27.337264705882347
571,572,2000-12-10,27.05382352941177
572,573,2000-12-17,26.841117647058823
573,574,2000-12-24,26.682117647058824
574,575,2000-12-31,26.35476470588235
575,576,2001-01-07,26.442088235294122
576,577,2001-01-14,26.32670588235294
577,578,2001-01-21,26.444999999999997
578,579,2001-01-28,26.481382352941175
579,580,2001-02-04,26.748529411764707
580,581,2001-02-11,26.75255882352941
581,582,2001-02-18,27.163117647058826
582,583,2001-02-25,27.388235294117646
583,584,2001-03-04,27.776088235294115
584,585,2001-03-11,27.903882352941174
585,586,2001-03-18,28.445911764705883
586,587,2001-03-25,28.77255882352941
587,588,2001-04-01,29.33614705882353
588,589,2001-04-08,29.724352941176466
589,590,2001-04-15,29.759382352941177
590,591,2001-04-22,30.08597058823529
591,592,2001-04-29,30.37617647058824
592,593,2001-05-06,30.1275
593,594,2001-05-13,29.980441176470585
594,595,2001-05-20,29.984294117647057
595,596,2001-05-27,29.76191176470588
596,597,2001-06-03,29.679147058823528
597,598,2001-06-10,29.281794117647056
598,599,2001-06-17,29.207676470588236
599,600,2001-06-24,28.784529411764705
600,601,2001-07-01,28.894000000000002
601,602,2001-07-08,28.78194117647059
602,603,2001-07-15,28.896764705882358
603,604,2001-07-22,28.94376470588235
604,605,2001-07-29,28.928882352941176
605,606,2001-08-05,28.78379411764705
606,607,2001-08-12,28.697558823529416
607,608,2001-08-19,28.729617647058824
608,609,2001-08-26,28.616205882352936
609,610,2001-09-02,28.97620588235294
610,611,2001-09-09,29.149558823529407
611,612,2001-09-16,29.217617647058823
612,613,2001-09-23,29.343205882352944
613,614,2001-09-30,29.15270588235294
614,615,2001-10-07,29.20338235294118
615,616,2001-10-14,29.438558823529412
616,617,2001-10-21,29.53655882352941
617,618,2001-10-28,29.38170588235294
618,619,2001-11-04,29.16026470588236
619,620,2001-11-11,28.656117647058824
620,621,2001-11-18,28.369323529411766
621,622,2001-11-25,28.209764705882353
622,623,2001-12-02,27.9935
623,624,2001-12-09,27.531323529411768
624,625,2001-12-16,27.462823529411768
625,626,2001-12-23,26.71467647058824
626,627,2001-12-30,26.55685294117647
627,628,2002-01-06,26.214558823529416
628,629,2002-01-13,26.531823529411763
629,630,2002-01-20,26.602352941176473
630,631,2002-01-27,26.67317647058824
631,632,2002-02-03,26.60464705882353
632,633,2002-02-10,26.662500000000005
633,634,2002-02-17,26.772147058823528
634,635,2002-02-24,27.10952941176471
635,636,2002-03-03,27.43920588235294
636,637,2002-03-10,27.667147058823524
637,638,2002-03-17,27.692205882352937
638,639,2002-03-24,28.43394117647059
639,640,2002-03-31,28.847764705882348
640,641,2002-04-07,29.369029411764703
641,642,2002-04-14,29.621411764705883
642,643,2002-04-21,30.00988235294118
643,644,2002-04-28,30.08273529411765
644,645,2002-05-05,30.090558823529413
645,646,2002-05-12,29.61764705882353
646,647,2002-05-19,29.514970588235293
647,648,2002-05-26,29.534735294117645
648,649,2002-06-02,29.597941176470584
649,650,2002-06-09,29.49829411764706
650,651,2002-06-16,29.509823529411765
651,652,2002-06-23,29.360852941176468
652,653,2002-06-30,29.390588235294114
653,654,2002-07-07,29.40773529411765
654,655,2002-07-14,29.32620588235294
655,656,2002-07-21,29.15914705882353
656,657,2002-07-28,29.02258823529412
657,658,2002-08-04,28.8875
658,659,2002-08-11,28.768470588235296
659,660,2002-08-18,28.402588235294115
660,661,2002-08-25,28.842205882352943
661,662,2002-09-01,28.736558823529414
662,663,2002-09-08,28.517970588235297
663,664,2002-09-15,28.639647058823527
664,665,2002-09-22,28.675823529411762
665,666,2002-09-29,29.37185294117647
666,667,2002-10-06,29.30594117647059
667,668,2002-10-13,28.960176470588234
668,669,2002-10-20,29.197323529411765
669,670,2002-10-27,29.005205882352943
670,671,2002-11-03,28.716323529411763
671,672,2002-11-10,28.391411764705875
672,673,2002-11-17,28.360352941176473
673,674,2002-11-24,28.077735294117648
674,675,2002-12-01,28.071088235294116
675,676,2002-12-08,27.45041176470588
676,677,2002-12-15,27.021205882352938
677,678,2002-12-22,26.648764705882353
678,679,2002-12-29,26.27994117647059
679,680,2003-01-05,26.318941176470588
680,681,2003-01-12,26.26229411764706
681,682,2003-01-19,25.906088235294117
682,683,2003-01-26,26.036529411764707
683,684,2003-02-02,26.16770588235294
684,685,2003-02-09,26.56623529411765
685,686,2003-02-16,26.799441176470587
686,687,2003-02-23,26.968735294117643
687,688,2003-03-02,27.483323529411763
688,689,2003-03-09,27.283823529411766
689,690,2003-03-16,27.561205882352944
690,691,2003-03-23,28.156764705882352
691,692,2003-03-30,28.557970588235293
692,693,2003-04-06,29.353441176470582
693,694,2003-04-13,29.50029411764706
694,695,2003-04-20,29.737147058823528
695,696,2003-04-27,29.93111764705883
696,697,2003-05-04,30.1645
697,698,2003-05-11,29.91094117647059
698,699,2003-05-18,29.43314705882353
699,700,2003-05-25,29.485970588235293
700,701,2003-06-01,29.49167647058823
701,702,2003-06-08,29.408617647058826
702,703,2003-06-15,29.271735294117644
703,704,2003-06-22,29.109205882352946
704,705,2003-06-29,28.816411764705887
705,706,2003-07-06,28.909647058823527
706,707,2003-07-13,28.87914705882353
707,708,2003-07-20,28.779264705882355
708,709,2003-07-27,28.748235294117652
709,710,2003-08-03,28.577352941176468
710,711,2003-08-10,28.571705882352937
711,712,2003-08-17,28.941205882352946
712,713,2003-08-24,28.89205882352941
713,714,2003-08-31,28.307941176470585
714,715,2003-09-07,28.040823529411764
715,716,2003-09-14,28.30529411764706
716,717,2003-09-21,28.397147058823528
717,718,2003-09-28,28.6614705882353
718,719,2003-10-05,28.74647058823529
719,720,2003-10-12,28.638852941176467
720,721,2003-10-19,28.733411764705878
721,722,2003-10-26,28.742558823529414
722,723,2003-11-02,28.70332352941177
723,724,2003-11-09,28.57247058823529
724,725,2003-11-16,27.98073529411765
725,726,2003-11-23,27.930500000000002
726,727,2003-11-30,27.477264705882355
727,728,2003-12-07,27.182588235294112
728,729,2003-12-14,26.999147058823528
729,730,2003-12-21,26.748235294117652
730,731,2003-12-28,26.511882352941175
731,732,2004-01-04,26.17538235294118
732,733,2004-01-11,26.184323529411763
733,734,2004-01-18,26.273352941176473
734,735,2004-01-25,26.055411764705884
735,736,2004-02-01,26.217205882352943
736,737,2004-02-08,26.046794117647057
737,738,2004-02-15,26.223911764705885
738,739,2004-02-22,26.612941176470592
739,740,2004-02-29,27.060264705882354
740,741,2004-03-07,26.98214705882353
741,742,2004-03-14,27.495058823529412
742,743,2004-03-21,27.70688235294117
743,744,2004-03-28,28.34655882352941
744,745,2004-04-04,28.605294117647055
745,746,2004-04-11,28.845
746,747,2004-04-18,29.322735294117646
747,748,2004-04-25,29.842147058823528
748,749,2004-05-02,30.08014705882353
749,750,2004-05-09,30.094470588235293
750,751,2004-05-16,29.36511764705882
751,752,2004-05-23,29.31858823529412
752,753,2004-05-30,29.282794117647065
753,754,2004-06-06,29.455588235294115
754,755,2004-06-13,29.350823529411763
755,756,2004-06-20,29.06820588235294
756,757,2004-06-27,29.096970588235298
757,758,2004-07-04,28.971000000000004
758,759,2004-07-11,28.82382352941176
759,760,2004-07-18,28.733852941176465
760,761,2004-07-25,28.52870588235294
761,762,2004-08-01,28.477705882352936
762,763,2004-08-08,28.479588235294116
763,764,2004-08-15,28.413558823529407
764,765,2004-08-22,28.55855882352941
765,766,2004-08-29,28.92541176470588
766,767,2004-09-05,28.534
767,768,2004-09-12,28.56011764705882
768,769,2004-09-19,28.997088235294118
769,770,2004-09-26,29.07852941176471
770,771,2004-10-03,28.60120588235294
771,772,2004-10-10,28.867147058823523
772,773,2004-10-17,28.823999999999998
773,774,2004-10-24,28.64847058823529
774,775,2004-10-31,28.50070588235294
775,776,2004-11-07,28.69091176470588
776,777,2004-11-14,28.18176470588235
777,778,2004-11-21,27.843323529411762
778,779,2004-11-28,27.7735
779,780,2004-12-05,27.343382352941177
780,781,2004-12-12,26.95467647058824
781,782,2004-12-19,27.088264705882352
782,783,2004-12-26,26.614058823529415
783,784,2005-01-02,26.23729411764706
784,785,2005-01-09,26.166705882352943
785,786,2005-01-16,26.146852941176473
786,787,2005-01-23,26.19144117647059
787,788,2005-01-30,26.327647058823533
788,789,2005-02-06,26.524058823529412
789,790,2005-02-13,26.73114705882353
790,791,2005-02-20,27.018264705882352
791,792,2005-02-27,27.40664705882353
792,793,2005-03-06,27.524764705882355
793,794,2005-03-13,27.70417647058823
794,795,2005-03-20,28.151
795,796,2005-03-27,28.445676470588243
796,797,2005-04-03,28.623647058823526
797,798,2005-04-10,29.1645294117647
798,799,2005-04-17,29.372999999999998
799,800,2005-04-24,29.917911764705885
800,801,2005-05-01,30.034882352941178
801,802,2005-05-08,29.839117647058828
802,803,2005-05-15,29.78447058823529
803,804,2005-05-22,29.87538235294118
804,805,2005-05-29,29.83147058823529
805,806,2005-06-05,29.610294117647058
806,807,2005-06-12,29.36491176470588
807,808,2005-06-19,29.34291176470588
808,809,2005-06-26,29.22911764705883
809,810,2005-07-03,28.77338235294118
810,811,2005-07-10,28.845147058823525
811,812,2005-07-17,29.22429411764706
812,813,2005-07-24,29.00535294117647
813,814,2005-07-31,28.63191176470588
814,815,2005-08-07,28.556058823529412
815,816,2005-08-14,28.461882352941178
816,817,2005-08-21,28.62738235294118
817,818,2005-08-28,29.341852941176473
818,819,2005-09-04,29.313823529411767
819,820,2005-09-11,28.707617647058825
820,821,2005-09-18,28.724676470588232
821,822,2005-09-25,28.733647058823532
822,823,2005-10-02,29.057470588235297
823,824,2005-10-09,29.15555882352941
824,825,2005-10-16,29.165029411764706
825,826,2005-10-23,28.76955882352941
826,827,2005-10-30,28.864676470588236
827,828,2005-11-06,28.623088235294112
828,829,2005-11-13,28.160058823529408
829,830,2005-11-20,27.884205882352937
830,831,2005-11-27,27.518529411764703
831,832,2005-12-04,27.516617647058823
832,833,2005-12-11,27.2605
833,834,2005-12-18,26.93064705882353
834,835,2005-12-25,26.706382352941176
835,836,2006-01-01,26.315411764705882
836,837,2006-01-08,26.458235294117646
837,838,2006-01-15,26.416882352941176
838,839,2006-01-22,26.473970588235293
839,840,2006-01-29,26.550852941176473
840,841,2006-02-05,26.5765
841,842,2006-02-12,26.833558823529412
842,843,2006-02-19,27.078970588235297
843,844,2006-02-26,27.656676470588238
844,845,2006-03-05,28.258735294117646
845,846,2006-03-12,28.176529411764708
846,847,2006-03-19,28.184647058823533
847,848,2006-03-26,28.73144117647059
848,849,2006-04-02,28.818088235294116
849,850,2006-04-09,29.0125
850,851,2006-04-16,29.31020588235294
851,852,2006-04-23,29.556382352941178
852,853,2006-04-30,29.666705882352943
853,854,2006-05-07,29.96108823529412
854,855,2006-05-14,30.060941176470585
855,856,2006-05-21,29.62861764705882
856,857,2006-05-28,29.57470588235294
857,858,2006-06-04,29.353294117647057
858,859,2006-06-11,29.294323529411763
859,860,2006-06-18,29.26732352941177
860,861,2006-06-25,29.16964705882353
861,862,2006-07-02,28.78944117647059
862,863,2006-07-09,28.94152941176471
863,864,2006-07-16,28.789617647058822
864,865,2006-07-23,28.860823529411764
865,866,2006-07-30,28.50676470588235
866,867,2006-08-06,28.493470588235297
867,868,2006-08-13,28.40352941176471
868,869,2006-08-20,28.589176470588235
869,870,2006-08-27,28.6485
870,871,2006-09-03,28.815794117647062
871,872,2006-09-10,29.10920588235294
872,873,2006-09-17,28.922823529411765
873,874,2006-09-24,28.67732352941177
874,875,2006-10-01,28.718735294117643
875,876,2006-10-08,29.079470588235296
876,877,2006-10-15,29.42126470588235
877,878,2006-10-22,29.184823529411766
878,879,2006-10-29,29.075264705882354
879,880,2006-11-05,28.797823529411765
880,881,2006-11-12,28.58094117647059
881,882,2006-11-19,28.506588235294117
882,883,2006-11-26,28.39323529411765
883,884,2006-12-03,27.845500000000005
884,885,2006-12-10,27.563970588235293
885,886,2006-12-17,27.216558823529414
886,887,2006-12-24,26.681882352941177
887,888,2006-12-31,26.316382352941176
888,889,2007-01-07,26.06502941176471
889,890,2007-01-14,25.993529411764705
890,891,2007-01-21,25.970970588235293
891,892,2007-01-28,26.320676470588236
892,893,2007-02-04,26.19826470588235
893,894,2007-02-11,26.45079411764706
894,895,2007-02-18,26.619205882352944
895,896,2007-02-25,26.86511764705882
896,897,2007-03-04,27.086029411764706
897,898,2007-03-11,27.451294117647056
898,899,2007-03-18,27.737058823529413
899,900,2007-03-25,28.243117647058824
900,901,2007-04-01,28.570999999999998
901,902,2007-04-08,28.554294117647057
902,903,2007-04-15,29.186970588235294
903,904,2007-04-22,29.710088235294112
904,905,2007-04-29,29.950441176470587
905,906,2007-05-06,29.879499999999997
906,907,2007-05-13,29.402823529411762
907,908,2007-05-20,29.46614705882353
908,909,2007-05-27,29.77985294117647
909,910,2007-06-03,29.85902941176471
910,911,2007-06-10,29.888794117647056
911,912,2007-06-17,29.738852941176468
912,913,2007-06-24,29.53432352941176
913,914,2007-07-01,29.149941176470588
914,915,2007-07-08,28.886147058823532
915,916,2007-07-15,28.98373529411765
916,917,2007-07-22,28.75870588235294
917,918,2007-07-29,28.969676470588237
918,919,2007-08-05,28.52317647058824
919,920,2007-08-12,28.56964705882353
920,921,2007-08-19,28.608382352941174
921,922,2007-08-26,28.886823529411767
922,923,2007-09-02,28.827647058823533
923,924,2007-09-09,28.57161764705883
924,925,2007-09-16,28.658264705882353
925,926,2007-09-23,28.353264705882356
926,927,2007-09-30,28.46702941176471
927,928,2007-10-07,28.552882352941175
928,929,2007-10-14,28.86444117647059
929,930,2007-10-21,28.514764705882353
930,931,2007-10-28,28.41020588235294
931,932,2007-11-04,28.67735294117647
932,933,2007-11-11,28.117588235294118
933,934,2007-11-18,27.84741176470588
934,935,2007-11-25,27.719500000000004
935,936,2007-12-02,27.292794117647063
936,937,2007-12-09,27.074823529411766
937,938,2007-12-16,26.85
938,939,2007-12-23,26.487294117647053
939,940,2007-12-30,26.253441176470595
940,941,2008-01-06,26.29302941176471
941,942,2008-01-13,26.34797058823529
942,943,2008-01-20,26.462941176470594
943,944,2008-01-27,26.473558823529412
944,945,2008-02-03,26.61511764705882
945,946,2008-02-10,26.67379411764706
946,947,2008-02-17,26.61735294117647
947,948,2008-02-24,26.843382352941177
948,949,2008-03-02,26.985852941176468
949,950,2008-03-09,27.402352941176467
950,951,2008-03-16,27.89394117647059
951,952,2008-03-23,28.44961764705882
952,953,2008-03-30,28.735264705882347
953,954,2008-04-06,28.92017647058824
954,955,2008-04-13,29.346794117647057
955,956,2008-04-20,29.67820588235294
956,957,2008-04-27,29.38491176470588
957,958,2008-05-04,29.32082352941177
958,959,2008-05-11,29.31858823529412
959,960,2008-05-18,29.28079411764706
960,961,2008-05-25,29.36444117647059
961,962,2008-06-01,29.544205882352944
962,963,2008-06-08,29.409558823529412
963,964,2008-06-15,29.157323529411762
964,965,2008-06-22,28.740352941176475
965,966,2008-06-29,28.697970588235293
966,967,2008-07-06,28.55576470588235
967,968,2008-07-13,28.617588235294118
968,969,2008-07-20,28.694558823529416
969,970,2008-07-27,28.557499999999997
970,971,2008-08-03,28.241911764705883
971,972,2008-08-10,28.254705882352937
972,973,2008-08-17,28.413323529411763
973,974,2008-08-24,29.006735294117643
974,975,2008-08-31,29.331794117647057
975,976,2008-09-07,29.106882352941177
976,977,2008-09-14,28.913941176470587
977,978,2008-09-21,28.833617647058823
978,979,2008-09-28,29.032676470588232
979,980,2008-10-05,29.40344117647059
980,981,2008-10-12,29.70626470588235
981,982,2008-10-19,29.428264705882356
982,983,2008-10-26,28.959382352941173
983,984,2008-11-02,28.79558823529412
984,985,2008-11-09,28.438058823529413
985,986,2008-11-16,28.141617647058823
986,987,2008-11-23,27.820823529411765
987,988,2008-11-30,27.483588235294125
988,989,2008-12-07,27.311088235294118
989,990,2008-12-14,27.236029411764704
990,991,2008-12-21,27.072558823529405
991,992,2008-12-28,26.687176470588234
992,993,2009-01-04,26.434470588235296
993,994,2009-01-11,26.135058823529413
994,995,2009-01-18,26.058176470588233
995,996,2009-01-25,26.239
996,997,2009-02-01,26.437852941176473
997,998,2009-02-08,26.79367647058823
998,999,2009-02-15,26.890147058823533
999,1000,2009-02-22,27.411794117647055
1000,1001,2009-03-01,27.65391176470588
1001,1002,2009-03-08,27.9269705882353
1002,1003,2009-03-15,28.293999999999997
1003,1004,2009-03-22,28.818735294117648
1004,1005,2009-03-29,29.08235294117647
1005,1006,2009-04-05,29.26158823529412
1006,1007,2009-04-12,29.479088235294117
1007,1008,2009-04-19,29.545823529411763
1008,1009,2009-04-26,29.45420588235294
1009,1010,2009-05-03,29.59564705882353
1010,1011,2009-05-10,29.715882352941176
1011,1012,2009-05-17,29.791205882352937
1012,1013,2009-05-24,29.643970588235295
1013,1014,2009-05-31,29.176264705882353
1014,1015,2009-06-07,29.031617647058823
1015,1016,2009-06-14,29.124970588235293
1016,1017,2009-06-21,29.110735294117646
1017,1018,2009-06-28,28.979705882352942
1018,1019,2009-07-05,28.796911764705886
1019,1020,2009-07-12,28.651852941176475
1020,1021,2009-07-19,28.69682352941176
1021,1022,2009-07-26,28.557088235294117
1022,1023,2009-08-02,28.685235294117646
1023,1024,2009-08-09,28.66229411764706
1024,1025,2009-08-16,28.928588235294114
1025,1026,2009-08-23,28.95985294117647
1026,1027,2009-08-30,28.725352941176475
1027,1028,2009-09-06,28.80867647058824
1028,1029,2009-09-13,29.24435294117647
1029,1030,2009-09-20,29.091352941176464
1030,1031,2009-09-27,28.783470588235293
1031,1032,2009-10-04,28.56044117647059
1032,1033,2009-10-11,29.03655882352941
1033,1034,2009-10-18,29.075941176470586
1034,1035,2009-10-25,29.192558823529414
1035,1036,2009-11-01,28.640176470588234
1036,1037,2009-11-08,28.518676470588236
1037,1038,2009-11-15,28.57097058823529
1038,1039,2009-11-22,28.424735294117646
1039,1040,2009-11-29,28.167088235294116
1040,1041,2009-12-06,27.67755882352941
1041,1042,2009-12-13,27.468294117647062
1042,1043,2009-12-20,27.29364705882353
1043,1044,2009-12-27,26.858588235294114
1044,1045,2010-01-03,26.793176470588236
1045,1046,2010-01-10,26.876588235294122
1046,1047,2010-01-17,26.801235294117646
1047,1048,2010-01-24,26.949264705882353
1048,1049,2010-01-31,26.628529411764703
1049,1050,2010-02-07,26.90544117647059
1050,1051,2010-02-14,27.191088235294117
1051,1052,2010-02-21,27.499529411764705
1052,1053,2010-02-28,27.814294117647062
1053,1054,2010-03-07,28.323176470588237
1054,1055,2010-03-14,28.814764705882354
1055,1056,2010-03-21,29.354058823529414
1056,1057,2010-03-28,29.538352941176466
1057,1058,2010-04-04,29.724
1058,1059,2010-04-11,29.972911764705884
1059,1060,2010-04-18,30.277529411764707
1060,1061,2010-04-25,30.390676470588236
1061,1062,2010-05-02,30.410558823529414
1062,1063,2010-05-09,30.572764705882353
1063,1064,2010-05-16,30.42838235294117
1064,1065,2010-05-23,30.119970588235297
1065,1066,2010-05-30,30.056823529411766
1066,1067,2010-06-06,30.094676470588233
1067,1068,2010-06-13,29.98770588235294
1068,1069,2010-06-20,29.76264705882353
1069,1070,2010-06-27,29.71785294117647
1070,1071,2010-07-04,29.47108823529412
1071,1072,2010-07-11,29.463352941176474
1072,1073,2010-07-18,29.45652941176471
1073,1074,2010-07-25,29.276500000000006
1074,1075,2010-08-01,29.167411764705882
1075,1076,2010-08-08,29.02402941176471
1076,1077,2010-08-15,29.280088235294116
1077,1078,2010-08-22,29.21764705882353
1078,1079,2010-08-29,29.26347058823529
1079,1080,2010-09-05,29.16279411764706
1080,1081,2010-09-12,29.163235294117648
1081,1082,2010-09-19,29.15394117647059
1082,1083,2010-09-26,29.35785294117647
1083,1084,2010-10-03,29.406588235294116
1084,1085,2010-10-10,28.976911764705882
1085,1086,2010-10-17,28.914499999999997
1086,1087,2010-10-24,29.034441176470587
1087,1088,2010-10-31,28.7770294117647
1088,1089,2010-11-07,28.47408823529412
1089,1090,2010-11-14,28.654882352941176
1090,1091,2010-11-21,28.558411764705884
1091,1092,2010-11-28,28.008441176470587
1092,1093,2010-12-05,27.65967647058823
1093,1094,2010-12-12,27.381029411764708
1094,1095,2010-12-19,27.20785294117647
1095,1096,2010-12-26,27.018470588235296
1096,1097,2011-01-02,27.106029411764705
1097,1098,2011-01-09,26.506529411764703
1098,1099,2011-01-16,26.36505882352941
1099,1100,2011-01-23,26.210117647058826
1100,1101,2011-01-30,26.214970588235296
1101,1102,2011-02-06,26.42991176470589
1102,1103,2011-02-13,26.757588235294122
1103,1104,2011-02-20,27.14364705882353
1104,1105,2011-02-27,27.588970588235295
1105,1106,2011-03-06,27.55594117647059
1106,1107,2011-03-13,27.692764705882354
1107,1108,2011-03-20,27.6834705882353
1108,1109,2011-03-27,27.844617647058822
1109,1110,2011-04-03,28.518705882352943
1110,1111,2011-04-10,28.90302941176471
1111,1112,2011-04-17,29.40161764705882
1112,1113,2011-04-24,29.449941176470592
1113,1114,2011-05-01,29.542147058823534
1114,1115,2011-05-08,29.60485294117647
1115,1116,2011-05-15,29.515999999999995
1116,1117,2011-05-22,29.335441176470585
1117,1118,2011-05-29,29.543735294117646
1118,1119,2011-06-05,29.543764705882356
1119,1120,2011-06-12,29.408647058823526
1120,1121,2011-06-19,29.175029411764708
1121,1122,2011-06-26,29.08758823529412
1122,1123,2011-07-03,29.039176470588234
1123,1124,2011-07-10,28.95635294117647
1124,1125,2011-07-17,28.942705882352943
1125,1126,2011-07-24,28.82738235294118
1126,1127,2011-07-31,28.782647058823525
1127,1128,2011-08-07,28.87873529411765
1128,1129,2011-08-14,28.716499999999996
1129,1130,2011-08-21,28.674529411764706
1130,1131,2011-08-28,28.643529411764703
1131,1132,2011-09-04,28.612882352941174
1132,1133,2011-09-11,28.627088235294114
1133,1134,2011-09-18,28.558000000000003
1134,1135,2011-09-25,28.794029411764704
1135,1136,2011-10-02,28.855617647058825
1136,1137,2011-10-09,28.99576470588235
1137,1138,2011-10-16,28.919323529411763
1138,1139,2011-10-23,28.899705882352936
1139,1140,2011-10-30,28.579117647058823
1140,1141,2011-11-06,28.516205882352946
1141,1142,2011-11-13,28.434029411764705
1142,1143,2011-11-20,28.191205882352943
1143,1144,2011-11-27,27.796441176470587
1144,1145,2011-12-04,27.859470588235297
1145,1146,2011-12-11,27.354941176470582
1146,1147,2011-12-18,26.636294117647058
1147,1148,2011-12-25,26.36544117647059
1148,1149,2012-01-01,26.657235294117644
1149,1150,2012-01-08,26.50061764705882
1150,1151,2012-01-15,26.249735294117645
1151,1152,2012-01-22,26.065588235294115
1152,1153,2012-01-29,26.008088235294117
1153,1154,2012-02-05,26.241029411764707
1154,1155,2012-02-12,26.422911764705884
1155,1156,2012-02-19,26.620323529411763
1156,1157,2012-02-26,27.17420588235294
1157,1158,2012-03-04,27.531764705882356
1158,1159,2012-03-11,27.873382352941178
1159,1160,2012-03-18,28.19620588235294
1160,1161,2012-03-25,28.702617647058826
1161,1162,2012-04-01,28.837176470588233
1162,1163,2012-04-08,29.076441176470592
1163,1164,2012-04-15,29.412735294117642
1164,1165,2012-04-22,29.422147058823526
1165,1166,2012-04-29,29.752264705882354
1166,1167,2012-05-06,29.474970588235287
1167,1168,2012-05-13,29.508970588235293
1168,1169,2012-05-20,29.54829411764706
1169,1170,2012-05-27,29.580294117647057
1170,1171,2012-06-03,29.47755882352941
1171,1172,2012-06-10,29.248823529411766
1172,1173,2012-06-17,29.019500000000004
1173,1174,2012-06-24,28.786176470588234
1174,1175,2012-07-01,28.759617647058825
1175,1176,2012-07-08,28.924764705882346
1176,1177,2012-07-15,28.81967647058823
1177,1178,2012-07-22,28.797323529411766
1178,1179,2012-07-29,28.671499999999998
1179,1180,2012-08-05,28.47976470588235
1180,1181,2012-08-12,28.514470588235287
1181,1182,2012-08-19,28.676352941176468
1182,1183,2012-08-26,28.614176470588234
1183,1184,2012-09-02,28.468794117647057
1184,1185,2012-09-09,28.445382352941177
1185,1186,2012-09-16,28.49029411764706
1186,1187,2012-09-23,28.69102941176471
1187,1188,2012-09-30,28.713000000000005
1188,1189,2012-10-07,28.986970588235295
1189,1190,2012-10-14,29.02491176470588
1190,1191,2012-10-21,29.128029411764704
1191,1192,2012-10-28,29.050852941176473
1192,1193,2012-11-04,28.998411764705878
1193,1194,2012-11-11,28.707294117647052
1194,1195,2012-11-18,28.39961764705882
1195,1196,2012-11-25,27.85535294117647
1196,1197,2012-12-02,27.668617647058817
1197,1198,2012-12-09,27.32941176470588
1198,1199,2012-12-16,27.402323529411767
1199,1200,2012-12-23,27.12094117647059
1200,1201,2012-12-30,26.78067647058823
1201,1202,2013-01-06,26.575470588235294
1202,1203,2013-01-13,26.495058823529412
1203,1204,2013-01-20,26.363558823529413
1204,1205,2013-01-27,26.2115
1205,1206,2013-02-03,26.501529411764707
1206,1207,2013-02-10,26.764735294117642
1207,1208,2013-02-17,26.908323529411764
1208,1209,2013-02-24,27.00123529411765
1209,1210,2013-03-03,27.229852941176475
1210,1211,2013-03-10,27.752676470588234
1211,1212,2013-03-17,28.29282352941177
1212,1213,2013-03-24,28.689705882352943
1213,1214,2013-03-31,28.95555882352941
1214,1215,2013-04-07,29.153117647058817
1215,1216,2013-04-14,29.333588235294112
1216,1217,2013-04-21,29.742088235294116
1217,1218,2013-04-28,29.946529411764704
1218,1219,2013-05-05,30.10258823529412
1219,1220,2013-05-12,29.828911764705882
1220,1221,2013-05-19,30.028117647058828
1221,1222,2013-05-26,29.64376470588235
1222,1223,2013-06-02,29.549117647058825
1223,1224,2013-06-09,29.37861764705882
1224,1225,2013-06-16,29.316176470588236
1225,1226,2013-06-23,29.26744117647059
1226,1227,2013-06-30,29.065735294117644
1227,1228,2013-07-07,28.978617647058822
1228,1229,2013-07-14,28.929000000000002
1229,1230,2013-07-21,28.74361764705883
1230,1231,2013-07-28,28.57794117647059
1231,1232,2013-08-04,28.545705882352937
1232,1233,2013-08-11,28.61491176470588
1233,1234,2013-08-18,28.562617647058826
1234,1235,2013-08-25,28.500147058823526
1235,1236,2013-09-01,28.552588235294117
1236,1237,2013-09-08,28.639794117647057
1237,1238,2013-09-15,28.652970588235295
1238,1239,2013-09-22,28.65291176470588
1239,1240,2013-09-29,28.53294117647059
1240,1241,2013-10-06,28.692647058823535
1241,1242,2013-10-13,28.73473529411765
1242,1243,2013-10-20,28.73329411764706
1243,1244,2013-10-27,28.63508823529412
1244,1245,2013-11-03,28.54314705882353
1245,1246,2013-11-10,28.410529411764706
1246,1247,2013-11-17,28.09885294117647
1247,1248,2013-11-24,27.90373529411765
1248,1249,2013-12-01,27.46488235294118
1249,1250,2013-12-08,27.29155882352941
1250,1251,2013-12-15,26.81658823529412
1251,1252,2013-12-22,26.2364705882353
1252,1253,2013-12-29,26.12873529411765
1253,1254,2014-01-05,25.951117647058826
1254,1255,2014-01-12,26.20285294117647
1255,1256,2014-01-19,25.88276470588235
1256,1257,2014-01-26,25.801147058823528
1257,1258,2014-02-02,26.026911764705883
1258,1259,2014-02-09,26.262147058823533
1259,1260,2014-02-16,26.31879411764706
1260,1261,2014-02-23,26.456823529411764
1261,1262,2014-03-02,26.819352941176465
1262,1263,2014-03-09,27.149176470588237
1263,1264,2014-03-16,27.757970588235292
1264,1265,2014-03-23,28.196705882352937
1265,1266,2014-03-30,28.597382352941178
1266,1267,2014-04-06,28.99070588235294
1267,1268,2014-04-13,29.341176470588234
1268,1269,2014-04-20,30.016205882352942
1269,1270,2014-04-27,30.33317647058823
1270,1271,2014-05-04,30.26514705882353
1271,1272,2014-05-11,30.168735294117646
1272,1273,2014-05-18,30.20835294117647
1273,1274,2014-05-25,30.163264705882348
1274,1275,2014-06-01,30.331823529411764
1275,1276,2014-06-08,30.195705882352943
1276,1277,2014-06-15,29.899323529411767
1277,1278,2014-06-22,29.771647058823532
1278,1279,2014-06-29,29.59041176470588
1279,1280,2014-07-06,29.537617647058827
1280,1281,2014-07-13,29.274676470588233
1281,1282,2014-07-20,29.12755882352941
1282,1283,2014-07-27,28.949235294117653
1283,1284,2014-08-03,28.882911764705884
1284,1285,2014-08-10,28.86458823529412
1285,1286,2014-08-17,29.057029411764706
1286,1287,2014-08-24,28.981529411764708
1287,1288,2014-08-31,28.843999999999998
1288,1289,2014-09-07,28.756205882352937
1289,1290,2014-09-14,28.70752941176471
1290,1291,2014-09-21,29.018676470588236
1291,1292,2014-09-28,29.583676470588237
1292,1293,2014-10-05,29.282117647058822
1293,1294,2014-10-12,29.13870588235294
1294,1295,2014-10-19,29.14911764705882
1295,1296,2014-10-26,29.066970588235296
1296,1297,2014-11-02,28.794323529411763
1297,1298,2014-11-09,28.69779411764706
1298,1299,2014-11-16,28.47064705882353
1299,1300,2014-11-23,28.198647058823532
1300,1301,2014-11-30,28.06747058823529
1301,1302,2014-12-07,27.744352941176476
1302,1303,2014-12-14,27.397823529411767
1303,1304,2014-12-21,27.119382352941177
1304,1305,2014-12-28,26.911058823529412
1305,1306,2015-01-04,26.903970588235296
1306,1307,2015-01-11,26.49261764705882
1307,1308,2015-01-18,26.28491176470588
1308,1309,2015-01-25,26.13173529411765
1309,1310,2015-02-01,26.36505882352941
1310,1311,2015-02-08,26.576352941176467
1311,1312,2015-02-15,26.785999999999998
1312,1313,2015-02-22,27.07961764705882
1313,1314,2015-03-01,27.450147058823532
1314,1315,2015-03-08,27.759147058823526
1315,1316,2015-03-15,28.25279411764706
1316,1317,2015-03-22,28.539970588235295
1317,1318,2015-03-29,28.882088235294116
1318,1319,2015-04-05,29.065558823529415
1319,1320,2015-04-12,29.244794117647057
1320,1321,2015-04-19,29.568882352941177
1321,1322,2015-04-26,29.813029411764706
1322,1323,2015-05-03,30.10391176470588
1323,1324,2015-05-10,30.416117647058822
1324,1325,2015-05-17,30.162852941176467
1325,1326,2015-05-24,29.703235294117643
1326,1327,2015-05-31,29.804852941176474
1327,1328,2015-06-07,29.935764705882352
1328,1329,2015-06-14,29.74264705882353
1329,1330,2015-06-21,29.5355
1330,1331,2015-06-28,29.362588235294115
1331,1332,2015-07-05,29.211264705882346
1332,1333,2015-07-12,29.11258823529412
1333,1334,2015-07-19,29.099676470588232
1334,1335,2015-07-26,28.99564705882353
1335,1336,2015-08-02,28.892617647058827
1336,1337,2015-08-09,29.037029411764706
1337,1338,2015-08-16,29.239794117647055
1338,1339,2015-08-23,29.12558823529412
1339,1340,2015-08-30,29.12944117647059
1340,1341,2015-09-06,29.056117647058823
1341,1342,2015-09-13,28.954294117647063
1342,1343,2015-09-20,29.171117647058825
1343,1344,2015-09-27,29.18747058823529
1344,1345,2015-10-04,29.239941176470587
1345,1346,2015-10-11,29.577852941176474
1346,1347,2015-10-18,29.635264705882356
1347,1348,2015-10-25,29.4269705882353
1348,1349,2015-11-01,29.10411764705883
1349,1350,2015-11-08,28.749058823529413
1350,1351,2015-11-15,28.617088235294116
1351,1352,2015-11-22,28.530088235294112
1352,1353,2015-11-29,28.359529411764704
1353,1354,2015-12-06,28.067088235294115
1354,1355,2015-12-13,27.985088235294118
1355,1356,2015-12-20,27.61570588235294
1356,1357,2015-12-27,27.315735294117648
1357,1358,2016-01-03,27.103823529411763
1358,1359,2016-01-10,26.909794117647053
1359,1360,2016-01-17,26.866676470588235
1360,1361,2016-01-24,26.761205882352947
1361,1362,2016-01-31,26.63555882352941
1362,1363,2016-02-07,26.695294117647062
1363,1364,2016-02-14,27.300735294117647
1364,1365,2016-02-21,27.677970588235294
1365,1366,2016-02-28,27.920117647058824
1366,1367,2016-03-06,28.311176470588233
1367,1368,2016-03-13,28.80070588235294
1368,1369,2016-03-20,28.948588235294118
1369,1370,2016-03-27,28.995705882352944
1370,1371,2016-04-03,29.383235294117647
1371,1372,2016-04-10,29.810352941176472
1372,1373,2016-04-17,29.971147058823526
1373,1374,2016-04-24,30.21452941176471
1374,1375,2016-05-01,30.674529411764706
1375,1376,2016-05-08,30.82461764705882
1376,1377,2016-05-15,30.53314705882353
1377,1378,2016-05-22,29.993764705882352
1378,1379,2016-05-29,30.09223529411765
1379,1380,2016-06-05,29.887735294117647
1380,1381,2016-06-12,29.62858823529412
1381,1382,2016-06-19,29.45417647058823
1382,1383,2016-06-26,29.190882352941177
1383,1384,2016-07-03,29.139411764705887
1384,1385,2016-07-10,29.041941176470583
1385,1386,2016-07-17,28.975235294117653
1386,1387,2016-07-24,28.921117647058825
1387,1388,2016-07-31,28.779294117647055
1388,1389,2016-08-07,28.89841176470588
1389,1390,2016-08-14,28.77423529411764
1390,1391,2016-08-21,29.13520588235294
1391,1392,2016-08-28,29.040882352941175
1392,1393,2016-09-04,28.792176470588235
1393,1394,2016-09-11,28.774323529411767
1394,1395,2016-09-18,28.75435294117647
1395,1396,2016-09-25,28.795411764705882
1396,1397,2016-10-02,28.856235294117646
1397,1398,2016-10-09,29.010235294117646
1398,1399,2016-10-16,29.23691176470588
1399,1400,2016-10-23,28.948941176470587
1400,1401,2016-10-30,28.82682352941176
1401,1402,2016-11-06,28.682235294117646
1402,1403,2016-11-13,28.561000000000003
1403,1404,2016-11-20,28.235323529411772
1404,1405,2016-11-27,28.075264705882354
1405,1406,2016-12-04,27.623117647058827
1406,1407,2016-12-11,27.54817647058824
1407,1408,2016-12-18,27.286029411764705
1408,1409,2016-12-25,27.290352941176472
1409,1410,2017-01-01,27.12126470588235
1410,1411,2017-01-08,26.705117647058824
1411,1412,2017-01-15,26.37955882352941
1412,1413,2017-01-22,26.292205882352942
1413,1414,2017-01-29,26.452058823529413
1414,1415,2017-02-05,26.394676470588237
1415,1416,2017-02-12,26.569088235294117
1416,1417,2017-02-19,26.87420588235294
1417,1418,2017-02-26,27.25402941176471
1418,1419,2017-03-05,27.982852941176464
1419,1420,2017-03-12,28.036441176470586
1420,1421,2017-03-19,28.224529411764706
1421,1422,2017-03-26,28.527176470588234
1422,1423,2017-04-02,28.46788235294118
1423,1424,2017-04-09,28.968705882352943
1424,1425,2017-04-16,28.997823529411765
1425,1426,2017-04-23,29.030529411764707
1426,1427,2017-04-30,29.65561764705882
1427,1428,2017-05-07,30.01541176470588
1428,1429,2017-05-14,30.168617647058827
1429,1430,2017-05-21,30.00811764705883
1430,1431,2017-05-28,29.84247058823529
1431,1432,2017-06-04,29.792529411764704
1432,1433,2017-06-11,29.60194117647059
1433,1434,2017-06-18,29.57641176470588
1434,1435,2017-06-25,29.317970588235294
1435,1436,2017-07-02,29.240352941176468
1436,1437,2017-07-09,29.112264705882353
1437,1438,2017-07-16,29.005382352941183
1438,1439,2017-07-23,29.004323529411767
1439,1440,2017-07-30,29.077147058823527
1440,1441,2017-08-06,29.151382352941173
1441,1442,2017-08-13,29.123588235294118
1442,1443,2017-08-20,29.034441176470587
1443,1444,2017-08-27,29.045147058823524
1444,1445,2017-09-03,29.27558823529412
1445,1446,2017-09-10,29.412529411764705
1446,1447,2017-09-17,29.23158823529412
1447,1448,2017-09-24,29.202176470588228
1448,1449,2017-10-01,29.25235294117647
1449,1450,2017-10-08,29.50908823529412
1450,1451,2017-10-15,29.351029411764706
1451,1452,2017-10-22,29.187029411764705
1452,1453,2017-10-29,28.909882352941178
1453,1454,2017-11-05,28.741323529411762
1454,1455,2017-11-12,28.654470588235295
1455,1456,2017-11-19,28.722294117647063
1456,1457,2017-11-26,27.973705882352938
1457,1458,2017-12-03,27.571500000000004
1458,1459,2017-12-10,27.71726470588235
1459,1460,2017-12-17,27.075911764705886
1460,1461,2017-12-24,26.796352941176472
1461,1462,2017-12-31,26.60138235294118
1462,1463,2018-01-07,26.470176470588235
1463,1464,2018-01-14,25.903176470588235
1464,1465,2018-01-21,26.223117647058825
1465,1466,2018-01-28,26.160205882352944
1466,1467,2018-02-04,26.47744117647059
1467,1468,2018-02-11,26.52114705882353
1468,1469,2018-02-18,26.766382352941175
1469,1470,2018-02-25,27.287264705882354
1470,1471,2018-03-04,28.17191176470588
1471,1472,2018-03-11,28.351617647058827
1472,1473,2018-03-18,28.287970588235293
1473,1474,2018-03-25,28.676088235294113
1474,1475,2018-04-01,28.854735294117642
1475,1476,2018-04-08,29.27844117647059
1476,1477,2018-04-15,29.557911764705885
1477,1478,2018-04-22,29.520970588235294
1478,1479,2018-04-29,29.63373529411765
1479,1480,2018-05-06,30.07561764705882
1480,1481,2018-05-13,30.247823529411765
1481,1482,2018-05-20,30.341117647058823
1482,1483,2018-05-27,30.089676470588234
1483,1484,2018-06-03,30.017735294117642
1484,1485,2018-06-10,29.478558823529408
1485,1486,2018-06-17,29.381117647058822
1486,1487,2018-06-24,29.446294117647057
1487,1488,2018-07-01,29.363470588235295
1488,1489,2018-07-08,29.089000000000002
1489,1490,2018-07-15,28.767235294117647
1490,1491,2018-07-22,28.848352941176472
1491,1492,2018-07-29,28.818323529411764
1492,1493,2018-08-05,28.79011764705883
1493,1494,2018-08-12,28.755235294117643
1494,1495,2018-08-19,28.62735294117647
1495,1496,2018-08-26,28.720999999999997
1496,1497,2018-09-02,28.537588235294113
1497,1498,2018-09-09,28.81805882352941
1498,1499,2018-09-16,28.582176470588237
1499,1500,2018-09-23,29.209647058823528
1500,1501,2018-09-30,29.69658823529412
1501,1502,2018-10-07,29.522911764705878
1502,1503,2018-10-14,29.209352941176473
1503,1504,2018-10-21,29.149647058823525
1504,1505,2018-10-28,28.732764705882353
1505,1506,2018-11-04,28.719705882352944
1506,1507,2018-11-11,28.58508823529412
1507,1508,2018-11-18,28.38494117647059
1508,1509,2018-11-25,27.94935294117647
1509,1510,2018-12-02,27.88535294117647
1510,1511,2018-12-09,27.59817647058824
1511,1512,2018-12-16,27.299088235294114
1512,1513,2018-12-23,27.01905882352941
1513,1514,2018-12-30,26.71979411764706
1514,1515,2019-01-06,26.511617647058827
1515,1516,2019-01-13,26.110088235294118
1516,1517,2019-01-20,26.25655882352941
1517,1518,2019-01-27,26.126411764705882
1518,1519,2019-02-03,26.169382352941177
1519,1520,2019-02-10,26.560294117647057
1520,1521,2019-02-17,27.225088235294113
1521,1522,2019-02-24,27.416500000000003
1522,1523,2019-03-03,27.803529411764707
1523,1524,2019-03-10,28.04555882352941
1524,1525,2019-03-17,28.293264705882354
1525,1526,2019-03-24,28.649382352941178
1526,1527,2019-03-31,28.840411764705888
1527,1528,2019-04-07,29.35935294117647
1528,1529,2019-04-14,29.49485294117647
1529,1530,2019-04-21,29.982117647058825
1530,1531,2019-04-28,29.802705882352946
1531,1532,2019-05-05,29.7455
1532,1533,2019-05-12,29.72361764705882
1533,1534,2019-05-19,29.85158823529412
1534,1535,2019-05-26,30.07185294117647
1535,1536,2019-06-02,30.222117647058823
1536,1537,2019-06-09,30.045500000000004
1537,1538,2019-06-16,29.739470588235296
1538,1539,2019-06-23,29.66308823529412
1539,1540,2019-06-30,29.448970588235294
1540,1541,2019-07-07,29.30320588235294
1541,1542,2019-07-14,29.310676470588238
1542,1543,2019-07-21,29.321294117647057
1543,1544,2019-07-28,29.182499999999997
1544,1545,2019-08-04,29.02855882352941
1545,1546,2019-08-11,28.85985294117647
1546,1547,2019-08-18,28.913058823529408
1547,1548,2019-08-25,28.787999999999993
1548,1549,2019-09-01,28.80355882352941
1549,1550,2019-09-08,28.622
1550,1551,2019-09-15,28.640735294117647
1551,1552,2019-09-22,28.98991176470588
1552,1553,2019-09-29,29.335823529411766
1553,1554,2019-10-06,29.463794117647062
1554,1555,2019-10-13,29.863999999999994
1555,1556,2019-10-20,29.570117647058822
1556,1557,2019-10-27,29.361470588235292
1557,1558,2019-11-03,29.04344117647059
1558,1559,2019-11-10,28.85705882352941
1559,1560,2019-11-17,28.71220588235294
1560,1561,2019-11-24,28.418735294117646
1561,1562,2019-12-01,27.975852941176473
1562,1563,2019-12-08,27.214999999999996
1563,1564,2019-12-15,27.18179411764706
1564,1565,2019-12-22,26.81414705882353
1565,1566,2019-12-29,26.430882352941175
1566,1567,2020-01-05,26.476
1567,1568,2020-01-12,26.417911764705885
1568,1569,2020-01-19,26.04829411764706
1569,1570,2020-01-26,26.201764705882354
1570,1571,2020-02-02,26.201323529411766
1571,1572,2020-02-09,26.307676470588238
1572,1573,2020-02-16,26.617382352941178
1573,1574,2020-02-23,26.850764705882348
1574,1575,2020-03-01,27.167705882352937
1575,1576,2020-03-08,27.598117647058825
1576,1577,2020-03-15,28.135882352941177
1577,1578,2020-03-22,28.30802941176471
1578,1579,2020-03-29,28.916441176470588
1579,1580,2020-04-05,29.400558823529412
1580,1581,2020-04-12,29.741588235294117
1581,1582,2020-04-19,29.77182352941177
1582,1583,2020-04-26,30.04688235294117
1583,1584,2020-05-03,30.298205882352946
1584,1585,2020-05-10,30.61626470588235
1585,1586,2020-05-17,30.384441176470585
1586,1587,2020-05-24,30.355117647058822
1587,1588,2020-05-31,29.874794117647053
1588,1589,2020-06-07,29.874176470588232
1589,1590,2020-06-14,29.807794117647056
1590,1591,2020-06-21,29.858176470588237
1591,1592,2020-06-28,29.833617647058823
1592,1593,2020-07-05,29.659764705882353
1593,1594,2020-07-12,29.588382352941174
1594,1595,2020-07-19,29.570588235294114
1595,1596,2020-07-26,29.581882352941175
1596,1597,2020-08-02,29.508617647058824
1597,1598,2020-08-09,29.27279411764706
1598,1599,2020-08-16,29.28720588235294
1599,1600,2020-08-23,29.436970588235294
1600,1601,2020-08-30,29.495264705882352
1601,1602,2020-09-06,29.688029411764703
1602,1603,2020-09-13,29.612794117647056
1603,1604,2020-09-20,29.44326470588235
1604,1605,2020-09-27,29.454176470588237
1605,1606,2020-10-04,29.356205882352942
1606,1607,2020-10-11,29.394588235294115
1607,1608,2020-10-18,29.270999999999997
1608,1609,2020-10-25,29.05997058823529
1609,1610,2020-11-01,29.1655294117647
1610,1611,2020-11-08,28.86823529411765
1611,1612,2020-11-15,28.722029411764705
1612,1613,2020-11-22,28.497088235294115
1613,1614,2020-11-29,27.8875294117647
1614,1615,2020-12-06,27.597470588235293
1615,1616,2020-12-13,27.502911764705882
1616,1617,2020-12-20,27.057764705882352
1617,1618,2020-12-27,27.12841176470588
1618,1619,2021-01-03,27.11188235294118
1619,1620,2021-01-10,26.71073529411765
1620,1621,2021-01-17,26.32382352941176
1621,1622,2021-01-24,26.79135294117647
1622,1623,2021-01-31,26.747970588235297
1623,1624,2021-02-07,26.43985294117647
1624,1625,2021-02-14,26.645205882352943
1625,1626,2021-02-21,27.109529411764704
1626,1627,2021-02-28,27.658941176470584
1627,1628,2021-03-07,28.409735294117652
1628,1629,2021-03-14,28.28191176470588
1629,1630,2021-03-21,28.74647058823529
1630,1631,2021-03-28,28.848852941176467
1631,1632,2021-04-04,28.880088235294117
1632,1633,2021-04-11,29.599882352941172
1633,1634,2021-04-18,29.641970588235296
1634,1635,2021-04-25,29.651176470588233
1635,1636,2021-05-02,30.3605
1636,1637,2021-05-09,30.742764705882355
1637,1638,2021-05-16,30.774911764705887
1638,1639,2021-05-23,29.70635294117647
1639,1640,2021-05-30,29.965441176470588
1640,1641,2021-06-06,30.240352941176475
1641,1642,2021-06-13,29.722529411764704
1642,1643,2021-06-20,29.596441176470584
1643,1644,2021-06-27,29.26411764705882
1644,1645,2021-07-04,29.48461764705882
1645,1646,2021-07-11,29.49411764705882
1646,1647,2021-07-18,29.304000000000002
1647,1648,2021-07-25,29.190117647058823
1648,1649,2021-08-01,29.14397058823529
1649,1650,2021-08-08,29.15061764705882
1650,1651,2021-08-15,29.275088235294113
1651,1652,2021-08-22,28.91935294117647
1652,1653,2021-08-29,29.01055882352941
1653,1654,2021-09-05,29.084735294117646
1654,1655,2021-09-12,29.172029411764704
1655,1656,2021-09-19,29.037029411764706
1656,1657,2021-09-26,29.362794117647056
1657,1658,2021-10-03,29.495882352941173
1658,1659,2021-10-10,29.277499999999996
1659,1660,2021-10-17,29.150441176470583
1660,1661,2021-10-24,29.22914705882353
1661,1662,2021-10-31,29.135588235294115
1662,1663,2021-11-07,28.68373529411765
1663,1664,2021-11-14,28.67776470588235
1664,1665,2021-11-21,28.941617647058823
1665,1666,2021-11-28,28.23585294117647
1666,1667,2021-12-05,27.99023529411765
1667,1668,2021-12-12,27.70211764705882
1668,1669,2021-12-19,26.93394117647059
1669,1670,2021-12-26,27.015558823529414
1670,1671,2022-01-02,26.96914705882353
1671,1672,2022-01-09,27.027647058823522
1672,1673,2022-01-16,26.692999999999998
1673,1674,2022-01-23,26.67585294117647
1674,1675,2022-01-30,26.57917647058824
1675,1676,2022-02-06,26.83597058823529
1676,1677,2022-02-13,26.671794117647057
1677,1678,2022-02-20,26.88276470588235
1678,1679,2022-02-27,27.301029411764706
1679,1680,2022-03-06,27.668823529411764
1680,1681,2022-03-13,28.111823529411765
1681,1682,2022-03-20,28.49070588235294
1682,1683,2022-03-27,28.772735294117645
1683,1684,2022-04-03,29.14205882352941
1684,1685,2022-04-10,29.44108823529412
1685,1686,2022-04-17,29.65182352941176
1686,1687,2022-04-24,30.108911764705883
1687,1688,2022-05-01,30.07458823529412
1688,1689,2022-05-08,29.58844117647059
1689,1690,2022-05-15,29.63476470588235
1690,1691,2022-05-22,29.437000000000005
1691,1692,2022-05-29,29.584970588235294
1692,1693,2022-06-05,29.511352941176465
1693,1694,2022-06-12,29.75555882352941
1694,1695,2022-06-19,29.470558823529412
1695,1696,2022-06-26,29.69285294117647
1696,1697,2022-07-03,29.537500000000005
1697,1698,2022-07-10,29.353264705882356
1698,1699,2022-07-17,29.273147058823533
1699,1700,2022-07-24,29.452911764705878
1700,1701,2022-07-31,29.784470588235298
1701,1702,2022-08-07,29.192352941176473
1702,1703,2022-08-14,28.996411764705883
1703,1704,2022-08-21,29.071499999999997
1704,1705,2022-08-28,29.57258823529412
1705,1706,2022-09-04,29.75420588235294
1706,1707,2022-09-11,29.3315
1707,1708,2022-09-18,29.083529411764705
1708,1709,2022-09-25,29.043529411764705
1709,1710,2022-10-02,29.329470588235296
